file,species
2dd5cfba9.png,Shepherds Purse
0a64e3e6c.png,Black-grass
1541bdb2e.png,Maize
d2f422ccb.png,Common Chickweed
2df78338c.png,Common Chickweed
974959ec1.png,Common wheat
cfb18d262.png,Scentless Mayweed
241e6935a.png,Sugar beet
a2b703e21.png,Small-flowered Cranesbill
4c5ab9b68.png,Cleavers
ac75d3326.png,Black-grass
338c7e907.png,Charlock
8e3ed0a25.png,Small-flowered Cranesbill
fd87b36ae.png,Loose Silky-bent
fba8fc78a.png,Black-grass
b3e08b037.png,Fat Hen
25a4c427e.png,Loose Silky-bent
61b044411.png,Loose Silky-bent
f1f7c833f.png,Shepherds Purse
2d9c798f9.png,Small-flowered Cranesbill
fe29629fb.png,Scentless Mayweed
6b721f68e.png,Black-grass
a85fc8c9a.png,Small-flowered Cranesbill
ce3d280eb.png,Common Chickweed
fc6f686fb.png,Sugar beet
0c5f6c493.png,Loose Silky-bent
604dd663f.png,Shepherds Purse
ef65533d5.png,Loose Silky-bent
c63da993b.png,Sugar beet
55920f07f.png,Maize
19e58cc5e.png,Common Chickweed
dfb1d9012.png,Loose Silky-bent
466bb6d3b.png,Maize
05341a8a6.png,Scentless Mayweed
ce15eee52.png,Charlock
e15472085.png,Common Chickweed
060450d79.png,Common Chickweed
c2de6020a.png,Small-flowered Cranesbill
8b9144917.png,Small-flowered Cranesbill
0dba99002.png,Sugar beet
43ede9de9.png,Charlock
cb76a7766.png,Fat Hen
4e69d100a.png,Small-flowered Cranesbill
0e8492cb1.png,Sugar beet
79e5ea8fa.png,Common wheat
5296835a0.png,Small-flowered Cranesbill
e82017baa.png,Black-grass
115f93ecc.png,Loose Silky-bent
4b032563b.png,Common Chickweed
dd5ec63d9.png,Sugar beet
550a8b7e6.png,Small-flowered Cranesbill
5b3beec58.png,Loose Silky-bent
bd72d4d8a.png,Scentless Mayweed
f9b6bfb00.png,Cleavers
592cc5b89.png,Loose Silky-bent
61dd2cdc5.png,Common wheat
a8da9c08d.png,Charlock
7f31c7f42.png,Loose Silky-bent
f25996db8.png,Small-flowered Cranesbill
dd9f36df7.png,Small-flowered Cranesbill
06d12f6fa.png,Shepherds Purse
c7eb96871.png,Common wheat
6a47821f9.png,Loose Silky-bent
39b740f7e.png,Black-grass
efe19dc32.png,Charlock
f23faf9c1.png,Loose Silky-bent
fadc6adbc.png,Charlock
c60e91e07.png,Loose Silky-bent
e52493d0b.png,Common wheat
c5e419015.png,Scentless Mayweed
5b63dcc21.png,Common Chickweed
780bd2a2c.png,Sugar beet
3f92d8039.png,Loose Silky-bent
165681fd9.png,Shepherds Purse
16467a950.png,Loose Silky-bent
5e6a237f2.png,Sugar beet
664194d19.png,Small-flowered Cranesbill
20817c846.png,Scentless Mayweed
4bbf1f6ea.png,Shepherds Purse
9c32a797e.png,Common wheat
9a3f20121.png,Loose Silky-bent
78c5fba1d.png,Sugar beet
24d36c52c.png,Common Chickweed
e6f1211a2.png,Sugar beet
b341d0aab.png,Common Chickweed
3d67c434b.png,Fat Hen
b03397525.png,Loose Silky-bent
a276c65f7.png,Loose Silky-bent
0fb233ad6.png,Small-flowered Cranesbill
91e469b4a.png,Charlock
3f826b318.png,Common Chickweed
22e79540f.png,Cleavers
659412b1a.png,Loose Silky-bent
fbf88b6be.png,Charlock
a544fc46d.png,Scentless Mayweed
20e562fd5.png,Sugar beet
b2706e2b3.png,Common wheat
377283a21.png,Maize
9b9911f20.png,Scentless Mayweed
dabea05f4.png,Loose Silky-bent
248436078.png,Cleavers
37c3108d6.png,Shepherds Purse
4b155fb07.png,Maize
851c90831.png,Black-grass
486e59179.png,Common Chickweed
8faadb6a8.png,Sugar beet
8170d33c1.png,Maize
af45e222a.png,Scentless Mayweed
48231e475.png,Scentless Mayweed
36839d5e9.png,Scentless Mayweed
42e7ed442.png,Shepherds Purse
6982a9d30.png,Small-flowered Cranesbill
b31292706.png,Common Chickweed
116b136de.png,Sugar beet
20ea96bcc.png,Fat Hen
9aa5587fe.png,Loose Silky-bent
0ebf8f2f4.png,Maize
0751c0bbc.png,Sugar beet
9fab816f2.png,Fat Hen
b215531dd.png,Cleavers
3fbd0fc6a.png,Common Chickweed
a4b61a4ea.png,Loose Silky-bent
50de8a115.png,Shepherds Purse
b6f3d8b5d.png,Scentless Mayweed
1f290e016.png,Scentless Mayweed
c35efa095.png,Scentless Mayweed
00ef713a8.png,Common Chickweed
800a8c17e.png,Fat Hen
90d119d25.png,Scentless Mayweed
6be169e41.png,Shepherds Purse
721be0a4a.png,Loose Silky-bent
52dc7a4d6.png,Common Chickweed
85431c075.png,Loose Silky-bent
ef74dbcad.png,Scentless Mayweed
3827436f3.png,Common Chickweed
0885e7690.png,Scentless Mayweed
c6c8d4ba0.png,Loose Silky-bent
f8318faf1.png,Scentless Mayweed
aaf4da98f.png,Sugar beet
bebcaab66.png,Scentless Mayweed
0ad9e7dfb.png,Sugar beet
fe9e87b78.png,Scentless Mayweed
d09275360.png,Sugar beet
187668bde.png,Scentless Mayweed
0086a6340.png,Common Chickweed
8ab8a958b.png,Fat Hen
3185294c8.png,Scentless Mayweed
866be78b0.png,Common Chickweed
f9f35cbd4.png,Common Chickweed
76555b064.png,Loose Silky-bent
da5255450.png,Common Chickweed
a1da8be3c.png,Maize
0911d3dee.png,Common Chickweed
67ce3eaa6.png,Small-flowered Cranesbill
a38b8a581.png,Small-flowered Cranesbill
c0461776c.png,Common Chickweed
b573b7a56.png,Loose Silky-bent
c0f5d9ac8.png,Small-flowered Cranesbill
29bab7cad.png,Common Chickweed
3d38a87bc.png,Loose Silky-bent
59b2c6f2b.png,Common Chickweed
953496deb.png,Fat Hen
a2d25b4f3.png,Small-flowered Cranesbill
2f0004a7f.png,Common wheat
41f1c3cdb.png,Fat Hen
88d8a4508.png,Maize
5ee9d0a5b.png,Loose Silky-bent
f9ea23fb5.png,Fat Hen
44e8b8833.png,Small-flowered Cranesbill
8e4eaeec0.png,Common Chickweed
406ecb5c5.png,Charlock
39c8fde99.png,Loose Silky-bent
7d4cd07ad.png,Common Chickweed
b6a3f7876.png,Black-grass
4f44ca525.png,Common Chickweed
085974290.png,Scentless Mayweed
bf66b9cd2.png,Maize
17a78fb44.png,Common wheat
406162ef9.png,Charlock
ace8761dd.png,Common Chickweed
cfd8165e9.png,Charlock
855955aaf.png,Small-flowered Cranesbill
ff65bc002.png,Charlock
24a058589.png,Charlock
56a01b835.png,Cleavers
3fbf1a417.png,Cleavers
4f83143e1.png,Maize
e84464f5a.png,Cleavers
9df3275da.png,Small-flowered Cranesbill
03566743d.png,Fat Hen
e5881dd33.png,Fat Hen
963544aa0.png,Loose Silky-bent
e14afa235.png,Black-grass
e7077322d.png,Scentless Mayweed
beebe5f4e.png,Scentless Mayweed
3efa1f66c.png,Loose Silky-bent
03ef36742.png,Scentless Mayweed
48d97c645.png,Small-flowered Cranesbill
8cf909eb3.png,Charlock
fb022edf9.png,Sugar beet
60ee66ddd.png,Cleavers
eec1079a1.png,Charlock
35a90f8d0.png,Scentless Mayweed
65d08b894.png,Sugar beet
b7ad92859.png,Shepherds Purse
07e62f903.png,Maize
8d6991365.png,Black-grass
24dbc3b21.png,Sugar beet
32b42c120.png,Small-flowered Cranesbill
969a851be.png,Scentless Mayweed
25cf6eb73.png,Maize
be341dbdc.png,Loose Silky-bent
099b961ec.png,Shepherds Purse
b39c71707.png,Maize
0ee4ad224.png,Scentless Mayweed
0c27cf05f.png,Loose Silky-bent
da231c97f.png,Scentless Mayweed
6ba4ef411.png,Cleavers
4a337a4a9.png,Fat Hen
6da892be6.png,Small-flowered Cranesbill
f351ce097.png,Loose Silky-bent
1c52ea820.png,Fat Hen
8a32d0bfa.png,Small-flowered Cranesbill
e478c452c.png,Sugar beet
d17f48d3b.png,Scentless Mayweed
1d0cbd819.png,Loose Silky-bent
e721c6ac8.png,Black-grass
86c309150.png,Sugar beet
86676d627.png,Fat Hen
11d3f68ff.png,Loose Silky-bent
17529c555.png,Scentless Mayweed
23e480e64.png,Shepherds Purse
808578ed5.png,Charlock
46c14fde2.png,Loose Silky-bent
96f14d90c.png,Sugar beet
3526b05cc.png,Scentless Mayweed
1758a1baf.png,Common Chickweed
126a71ce0.png,Charlock
a5db42f7d.png,Maize
eef131644.png,Loose Silky-bent
64fe8beb9.png,Scentless Mayweed
8311740de.png,Fat Hen
a8b431a3e.png,Sugar beet
d6d31dcbe.png,Scentless Mayweed
bfab3e3d0.png,Sugar beet
29f49cd0b.png,Fat Hen
c06e7c748.png,Scentless Mayweed
fa9f3a8f9.png,Cleavers
592473c83.png,Loose Silky-bent
32c86784b.png,Common Chickweed
b5c7fd009.png,Black-grass
8ca6140ca.png,Loose Silky-bent
2a667e099.png,Fat Hen
1d56351b2.png,Common Chickweed
99036c51d.png,Loose Silky-bent
c88ebfb47.png,Small-flowered Cranesbill
cadab6616.png,Shepherds Purse
01291174f.png,Fat Hen
a3d0031fd.png,Loose Silky-bent
0437393b1.png,Fat Hen
1dc7c45df.png,Loose Silky-bent
f4caf74f9.png,Charlock
a7bd7cadb.png,Fat Hen
4049a6ea6.png,Loose Silky-bent
d0152bd7c.png,Fat Hen
aecfaed64.png,Shepherds Purse
7cabd68cc.png,Loose Silky-bent
711b46fba.png,Shepherds Purse
0c51bf229.png,Maize
1d48b7564.png,Loose Silky-bent
c832e4302.png,Fat Hen
5bdcfa329.png,Loose Silky-bent
c5078bac5.png,Loose Silky-bent
fc3e58836.png,Scentless Mayweed
3b73c3b61.png,Black-grass
4bbfd1e05.png,Cleavers
fa5fd1384.png,Shepherds Purse
7c85b0265.png,Loose Silky-bent
2ea664465.png,Sugar beet
6d6eb3830.png,Shepherds Purse
ad12382d4.png,Loose Silky-bent
22fbf13d6.png,Loose Silky-bent
270b939cf.png,Common Chickweed
0021e90e4.png,Small-flowered Cranesbill
93079d970.png,Sugar beet
003d61042.png,Fat Hen
adb7a032c.png,Loose Silky-bent
8a8d6c712.png,Cleavers
16357b436.png,Loose Silky-bent
bb7621cb3.png,Fat Hen
59e1cea8d.png,Cleavers
c8f50f0c3.png,Common wheat
8c9953903.png,Fat Hen
3e9f41817.png,Loose Silky-bent
d3331e071.png,Fat Hen
32a8c8a1d.png,Loose Silky-bent
d9c50616e.png,Sugar beet
506347cfe.png,Charlock
ef9676433.png,Charlock
b29339405.png,Black-grass
e5297b675.png,Loose Silky-bent
f4234cf4f.png,Fat Hen
446f7da01.png,Loose Silky-bent
824f5d4e5.png,Sugar beet
7fdb7202d.png,Scentless Mayweed
0c4199daa.png,Loose Silky-bent
99569b224.png,Common wheat
1c680883c.png,Loose Silky-bent
a74bf916d.png,Shepherds Purse
8dbb8e1b9.png,Charlock
6df8e31ea.png,Charlock
f4ad9d950.png,Sugar beet
f6d250856.png,Shepherds Purse
d09d24c58.png,Loose Silky-bent
87f627bf9.png,Common Chickweed
5f04aed97.png,Small-flowered Cranesbill
bea23d9f8.png,Scentless Mayweed
618de3d7a.png,Charlock
39858776a.png,Cleavers
97844bfd5.png,Shepherds Purse
c64370a72.png,Sugar beet
d488a4fe1.png,Common wheat
9b4800b42.png,Charlock
f4021df6c.png,Fat Hen
dabe3e5be.png,Small-flowered Cranesbill
7f46a71db.png,Sugar beet
9643fc5f4.png,Charlock
afcf6abd5.png,Small-flowered Cranesbill
77ccb8b2a.png,Small-flowered Cranesbill
b7192c70f.png,Common wheat
cae684f8f.png,Charlock
d41d87796.png,Scentless Mayweed
08d591441.png,Sugar beet
3d65168c2.png,Common Chickweed
cf3a8b2fd.png,Loose Silky-bent
7b21ba6ba.png,Sugar beet
5883b423d.png,Scentless Mayweed
93d76fd5d.png,Small-flowered Cranesbill
c069fc3fa.png,Fat Hen
699d3c707.png,Sugar beet
9d3cb4745.png,Common wheat
59c6a9f95.png,Fat Hen
59f62ad1d.png,Black-grass
d2f0f326e.png,Charlock
9c0c5b731.png,Loose Silky-bent
e4d5ec761.png,Black-grass
f33e9d918.png,Scentless Mayweed
a93f940d6.png,Scentless Mayweed
02cfeb38d.png,Loose Silky-bent
606647f64.png,Common Chickweed
53ceb4657.png,Common Chickweed
948cdb277.png,Cleavers
8cfd98117.png,Scentless Mayweed
219fd68d5.png,Scentless Mayweed
6bce55e05.png,Cleavers
98d819587.png,Shepherds Purse
1e095a7e1.png,Small-flowered Cranesbill
122913909.png,Maize
38c054379.png,Small-flowered Cranesbill
7f9e9565d.png,Scentless Mayweed
cc74feadc.png,Loose Silky-bent
0bf7bfb05.png,Black-grass
e471f1d3a.png,Charlock
33317fc2a.png,Fat Hen
8303b27ed.png,Loose Silky-bent
1b490196c.png,Shepherds Purse
dce2f6612.png,Common Chickweed
71e73a8a0.png,Sugar beet
9cce7328c.png,Loose Silky-bent
a19c3faca.png,Charlock
90b595f12.png,Common Chickweed
995c7ab1e.png,Common wheat
8a30b2de3.png,Sugar beet
f4e7733d4.png,Small-flowered Cranesbill
3eebd36c6.png,Charlock
686dc7ec8.png,Black-grass
5a6bf96f6.png,Maize
043449b0b.png,Sugar beet
a8de7c1b7.png,Loose Silky-bent
24d78df74.png,Common Chickweed
df11d56a7.png,Sugar beet
bd789d151.png,Common Chickweed
caa2fbd79.png,Common Chickweed
1f5e5554e.png,Small-flowered Cranesbill
c26ccf73c.png,Common Chickweed
8874bba69.png,Loose Silky-bent
03e322a29.png,Sugar beet
668c1007c.png,Charlock
3a909ead8.png,Small-flowered Cranesbill
e783f5a4f.png,Sugar beet
c7051c902.png,Common Chickweed
abf8b0772.png,Scentless Mayweed
8301b0547.png,Charlock
1fefb54b7.png,Fat Hen
df7cb5f87.png,Common Chickweed
a935ca110.png,Loose Silky-bent
da713c465.png,Black-grass
d5f7dd60a.png,Scentless Mayweed
74068643d.png,Black-grass
cd5f0db1c.png,Small-flowered Cranesbill
d102e1a15.png,Cleavers
007b3da8b.png,Sugar beet
7a38416be.png,Charlock
f85ed9b6d.png,Shepherds Purse
f0ffa00bd.png,Sugar beet
be2499cf4.png,Black-grass
55251925f.png,Common Chickweed
79dafec17.png,Loose Silky-bent
8ece6efec.png,Scentless Mayweed
abc331628.png,Common wheat
502dff972.png,Small-flowered Cranesbill
edfdb4aeb.png,Scentless Mayweed
c7b07431e.png,Scentless Mayweed
47b7d8e17.png,Small-flowered Cranesbill
ec08a5d56.png,Small-flowered Cranesbill
3bbef3ecb.png,Scentless Mayweed
31f3dd81f.png,Loose Silky-bent
7d22abf91.png,Scentless Mayweed
258b1183c.png,Cleavers
d515398fd.png,Black-grass
53e6e9000.png,Common wheat
48ef6a2ff.png,Common wheat
59358cd44.png,Small-flowered Cranesbill
65489944f.png,Shepherds Purse
3281183f9.png,Scentless Mayweed
14bb43eee.png,Common wheat
4ea7493d5.png,Sugar beet
6dd095129.png,Common Chickweed
39d569be4.png,Loose Silky-bent
e1abb4ff9.png,Sugar beet
ac3193f78.png,Common Chickweed
b687160f5.png,Small-flowered Cranesbill
71334c634.png,Maize
e1809cef2.png,Scentless Mayweed
d6c8c3c48.png,Small-flowered Cranesbill
a1e0a6c02.png,Cleavers
7696badea.png,Black-grass
47f9e5d91.png,Common Chickweed
6edc76e7c.png,Fat Hen
17d5e5ac4.png,Loose Silky-bent
86f08e6d1.png,Fat Hen
6a41bf95b.png,Scentless Mayweed
e98e5d1d5.png,Loose Silky-bent
205df1df3.png,Fat Hen
71b232519.png,Black-grass
74fd477eb.png,Common Chickweed
1be0713da.png,Cleavers
87608f7aa.png,Charlock
bdde957ec.png,Scentless Mayweed
5dcad9a53.png,Small-flowered Cranesbill
8f523520c.png,Shepherds Purse
7e9cf1c46.png,Common Chickweed
c10db7ae2.png,Maize
ba3ce6b3e.png,Scentless Mayweed
288564c76.png,Sugar beet
31fcdc161.png,Maize
c74c5b7fc.png,Shepherds Purse
3f64c2c1b.png,Common wheat
33748968f.png,Cleavers
7b52585da.png,Loose Silky-bent
5ca2687a4.png,Maize
632156793.png,Cleavers
2bd74d2da.png,Loose Silky-bent
c5e88cd42.png,Common Chickweed
d7017f701.png,Fat Hen
fea3da57c.png,Sugar beet
60fea2ef6.png,Sugar beet
7d3045fc3.png,Sugar beet
7506c0c02.png,Scentless Mayweed
2d992d1fb.png,Loose Silky-bent
69d1669f8.png,Charlock
a3b375b34.png,Loose Silky-bent
a2c89c367.png,Charlock
521b27a17.png,Loose Silky-bent
e1a0e3202.png,Loose Silky-bent
16fd2e01a.png,Small-flowered Cranesbill
19fdf19fb.png,Common wheat
b9062c1c8.png,Sugar beet
afa446484.png,Small-flowered Cranesbill
de0b79659.png,Fat Hen
f593c9cf0.png,Sugar beet
fda0b5c38.png,Common wheat
ef7a5651d.png,Scentless Mayweed
b62dca166.png,Fat Hen
026716f9b.png,Loose Silky-bent
67e185673.png,Small-flowered Cranesbill
1926e82fd.png,Loose Silky-bent
223e4af09.png,Cleavers
d89db156f.png,Small-flowered Cranesbill
e96e57a90.png,Shepherds Purse
8455169fe.png,Common wheat
a0b393945.png,Small-flowered Cranesbill
647689543.png,Loose Silky-bent
1623fb9e1.png,Fat Hen
26852751a.png,Charlock
490c4f9c8.png,Fat Hen
fea1d13d6.png,Shepherds Purse
4e1190d78.png,Black-grass
55a852f40.png,Common Chickweed
d563be369.png,Fat Hen
e9d48d664.png,Shepherds Purse
1cfd91582.png,Charlock
37714071b.png,Shepherds Purse
37297a64c.png,Common Chickweed
6edb96d45.png,Cleavers
a060c1cf8.png,Maize
1312065a5.png,Small-flowered Cranesbill
55fed435f.png,Maize
862b8e7a0.png,Sugar beet
1821eb11a.png,Scentless Mayweed
e19ad6ac9.png,Charlock
35ebe165c.png,Black-grass
4ac29bbf0.png,Common Chickweed
a35fd6fbb.png,Common Chickweed
92292055d.png,Common Chickweed
d2fd9df40.png,Loose Silky-bent
52a87abe5.png,Fat Hen
b828443ff.png,Maize
36ed4f215.png,Common Chickweed
785a73ab8.png,Common Chickweed
0d117d910.png,Common Chickweed
bb64660b7.png,Sugar beet
cc3d2a59a.png,Sugar beet
1f3f44563.png,Maize
3dd52bd2a.png,Small-flowered Cranesbill
d8f4923f8.png,Common Chickweed
a800caead.png,Sugar beet
c10ccbd82.png,Scentless Mayweed
c50335991.png,Fat Hen
827279bad.png,Scentless Mayweed
b1cd2a91e.png,Cleavers
837ac0270.png,Scentless Mayweed
5779fe8b4.png,Fat Hen
754b1adf8.png,Small-flowered Cranesbill
c6b76307d.png,Cleavers
e901b0f28.png,Fat Hen
ae90f2827.png,Common Chickweed
80e299ae9.png,Shepherds Purse
5b3000b9a.png,Maize
04814f36d.png,Scentless Mayweed
8b043093d.png,Small-flowered Cranesbill
071cb3ece.png,Sugar beet
d93c7ab6d.png,Loose Silky-bent
5bc6595f6.png,Maize
29ce426a1.png,Common Chickweed
5bbc0a255.png,Common Chickweed
4e9d3765f.png,Charlock
a55d26a4c.png,Common Chickweed
897e5a8de.png,Cleavers
63c07d340.png,Sugar beet
835dc5447.png,Small-flowered Cranesbill
589e643b8.png,Shepherds Purse
808cf55c6.png,Shepherds Purse
721b2c47a.png,Fat Hen
eaf0815e2.png,Small-flowered Cranesbill
19b51843a.png,Common Chickweed
780defa2e.png,Common Chickweed
8916793ce.png,Small-flowered Cranesbill
d668409ff.png,Black-grass
3edf5e9ef.png,Common wheat
fda39e16f.png,Loose Silky-bent
7615e52d3.png,Cleavers
bb20fce02.png,Scentless Mayweed
770a265f5.png,Small-flowered Cranesbill
728eabae1.png,Charlock
9c777333d.png,Common Chickweed
a8c8a1db0.png,Shepherds Purse
8585f9718.png,Black-grass
a85b48a95.png,Scentless Mayweed
8b27bfd2b.png,Small-flowered Cranesbill
d0cdc768f.png,Common wheat
b4c3df835.png,Maize
809eb0b82.png,Charlock
bb1c84bbc.png,Loose Silky-bent
6908fb540.png,Sugar beet
8db450ce3.png,Common Chickweed
8bc0261c9.png,Loose Silky-bent
1364b297a.png,Cleavers
b145ba9d4.png,Scentless Mayweed
37e545a60.png,Common Chickweed
f1e87cba7.png,Loose Silky-bent
5ca0205f9.png,Charlock
36d62bf36.png,Common wheat
dc4cd56a3.png,Loose Silky-bent
5817b766d.png,Shepherds Purse
856f2910a.png,Small-flowered Cranesbill
fd253a74e.png,Cleavers
fef2ade8c.png,Sugar beet
cd6adba97.png,Small-flowered Cranesbill
e0ec5b6a1.png,Sugar beet
20f983a71.png,Fat Hen
1459e96a0.png,Cleavers
b47691c08.png,Scentless Mayweed
41e07778c.png,Cleavers
e73e308be.png,Fat Hen
1376f3b63.png,Loose Silky-bent
a254d71f6.png,Black-grass
00c47e980.png,Sugar beet
6db684fff.png,Scentless Mayweed
c7ae30f3a.png,Scentless Mayweed
958bb9e96.png,Charlock
cf46d09c5.png,Common Chickweed
79d93bc96.png,Loose Silky-bent
593896f83.png,Common Chickweed
aad8375e0.png,Shepherds Purse
0d31e6602.png,Small-flowered Cranesbill
ffc6f8527.png,Common wheat
1694a70e4.png,Scentless Mayweed
5a38ac566.png,Loose Silky-bent
599691cd9.png,Small-flowered Cranesbill
2f246d688.png,Small-flowered Cranesbill
0caeda5df.png,Common wheat
9c8b08a24.png,Loose Silky-bent
e80a259c5.png,Small-flowered Cranesbill
c4ed8ed38.png,Charlock
65e262a6d.png,Charlock
d350a25fa.png,Common Chickweed
558aa7deb.png,Black-grass
c1ecff98b.png,Loose Silky-bent
13b9fa92d.png,Sugar beet
98062cd87.png,Common Chickweed
b3d6fdb80.png,Shepherds Purse
96ecad7a1.png,Small-flowered Cranesbill
bf3924a57.png,Common Chickweed
5af1d74ee.png,Sugar beet
34dd57ca9.png,Loose Silky-bent
f48916a8c.png,Scentless Mayweed
752101fdf.png,Small-flowered Cranesbill
653193c1a.png,Common wheat
2ff5cb348.png,Sugar beet
d84d37a61.png,Common Chickweed
cb496f36e.png,Loose Silky-bent
98da6ef4e.png,Scentless Mayweed
5bd71f445.png,Common Chickweed
54c8bb900.png,Charlock
a83820a2c.png,Sugar beet
590f5aea6.png,Charlock
e5368474f.png,Scentless Mayweed
c0d9e170b.png,Small-flowered Cranesbill
5c3cd7ea2.png,Scentless Mayweed
599c82eea.png,Scentless Mayweed
2b55a2da2.png,Charlock
615d2b0a9.png,Sugar beet
b944a49ca.png,Loose Silky-bent
7691014a1.png,Charlock
b130a0632.png,Cleavers
0f6cbe5e8.png,Maize
da4ed3a28.png,Charlock
00d090cde.png,Black-grass
fdea6b119.png,Common wheat
3ebbe9ca4.png,Charlock
4bcdaa5e2.png,Shepherds Purse
a8388a37f.png,Fat Hen
ab35453cb.png,Cleavers
24c94a6ca.png,Sugar beet
d14aa43f3.png,Small-flowered Cranesbill
bb1d1bfd3.png,Cleavers
089ad62a7.png,Common Chickweed
03a2ee656.png,Small-flowered Cranesbill
60f0bc617.png,Small-flowered Cranesbill
f3fcfff1b.png,Cleavers
b4f7c9214.png,Black-grass
ef02b4ee7.png,Sugar beet
df521c0c0.png,Loose Silky-bent
534e74d83.png,Maize
1b6a6494d.png,Sugar beet
b98327bf4.png,Scentless Mayweed
e3f50adfc.png,Cleavers
e5064f6be.png,Sugar beet
523e5505c.png,Fat Hen
f2dc546ca.png,Cleavers
177d7e2a4.png,Common Chickweed
0c45ace27.png,Common Chickweed
8e29abce1.png,Scentless Mayweed
410e6f702.png,Small-flowered Cranesbill
cbba27d89.png,Maize
2693e5c65.png,Maize
75cb95e91.png,Charlock
675ec1b0b.png,Small-flowered Cranesbill
79fba50db.png,Common Chickweed
b30ab4659.png,Cleavers
279df95f2.png,Sugar beet
4287d810c.png,Common Chickweed
82b5f4d33.png,Shepherds Purse
c85ef220d.png,Common Chickweed
8cf2e3e6c.png,Common Chickweed
2126dc71b.png,Common Chickweed
429211ee6.png,Fat Hen
71f5323c5.png,Loose Silky-bent
12625488b.png,Fat Hen
b026bf8ca.png,Loose Silky-bent
e921021a8.png,Fat Hen
74d810f87.png,Loose Silky-bent
8d6acbe9b.png,Common Chickweed
88ac6df54.png,Loose Silky-bent
ce42adffb.png,Loose Silky-bent
97b2f0a10.png,Small-flowered Cranesbill
cf90fc52d.png,Maize
aee6fa3df.png,Loose Silky-bent
060f1dc84.png,Shepherds Purse
19618ad6a.png,Sugar beet
65e97117e.png,Loose Silky-bent
9d79a1f0c.png,Small-flowered Cranesbill
3eda9cbb6.png,Scentless Mayweed
1d321253f.png,Fat Hen
391dcd7fd.png,Black-grass
a890ac088.png,Charlock
78750e0ff.png,Charlock
9326bda1b.png,Common Chickweed
c75a82234.png,Scentless Mayweed
a74d475c2.png,Common Chickweed
966ae5ad9.png,Loose Silky-bent
ede6b84b4.png,Cleavers
33448fe39.png,Loose Silky-bent
6c874918c.png,Black-grass
30ad31220.png,Charlock
2d5058a59.png,Common Chickweed
444473900.png,Fat Hen
a0f37c726.png,Small-flowered Cranesbill
fea355851.png,Loose Silky-bent
e5e3dccff.png,Common wheat
6680836dd.png,Sugar beet
8e2e5604e.png,Sugar beet
25fa8d109.png,Common wheat
acdb75e00.png,Loose Silky-bent
0625f063b.png,Common Chickweed
539961189.png,Common Chickweed
f445fe6fb.png,Charlock
ef3e232ad.png,Common Chickweed
dcd7ff249.png,Scentless Mayweed
8104422bb.png,Common Chickweed
a9d2eab61.png,Black-grass
5eb9c26a6.png,Loose Silky-bent
9516e56c4.png,Black-grass
e15fce4f2.png,Scentless Mayweed
cbe761896.png,Charlock
3da774107.png,Fat Hen
172f9b10b.png,Common Chickweed
2a5064f19.png,Common wheat
4e18ab737.png,Cleavers
756dd5070.png,Common Chickweed
aa7d098d1.png,Common Chickweed
da9ef7858.png,Charlock
9baf94467.png,Sugar beet
892e9d6c6.png,Scentless Mayweed
d6d80a321.png,Scentless Mayweed
23bc8ec4f.png,Common Chickweed
4823c3ffa.png,Loose Silky-bent
456d507c0.png,Cleavers
54b3afd58.png,Cleavers
d01873fdd.png,Loose Silky-bent
a006a475c.png,Common Chickweed
f66ae4070.png,Maize
e9cd91682.png,Common Chickweed
e4a76885b.png,Maize
dc55449b2.png,Sugar beet
76dbd1054.png,Scentless Mayweed
b0acaff4a.png,Black-grass
e19673dc9.png,Charlock
ab0f67743.png,Black-grass
4392d93cf.png,Fat Hen
063363305.png,Small-flowered Cranesbill
cec5bf198.png,Cleavers
8c98a6e9b.png,Loose Silky-bent
78b1bf91a.png,Sugar beet
4c8005bbc.png,Black-grass
239bdf640.png,Charlock
b7a7f6390.png,Fat Hen
4c7838de4.png,Common Chickweed
3abb502fb.png,Loose Silky-bent
6049234e6.png,Fat Hen
148bbda66.png,Charlock
8a4d3a1b1.png,Loose Silky-bent
8e6ec1ca6.png,Small-flowered Cranesbill
bffc08672.png,Scentless Mayweed
2406d6c99.png,Shepherds Purse
56112b92c.png,Small-flowered Cranesbill
26e7ae885.png,Fat Hen
e88bf0db9.png,Small-flowered Cranesbill
7beb2766f.png,Scentless Mayweed
c0bc3997b.png,Scentless Mayweed
35cf9fa01.png,Shepherds Purse
fd925f542.png,Common Chickweed
976e4e079.png,Common Chickweed
73260a4ee.png,Fat Hen
0ae6668fa.png,Loose Silky-bent
5315c2dca.png,Loose Silky-bent
1191ba346.png,Cleavers
1bf9b94a6.png,Scentless Mayweed
d689256be.png,Black-grass
2e86f1085.png,Fat Hen
66ab0e8d0.png,Charlock
a169b71e7.png,Charlock
6b9d6f8c9.png,Sugar beet
